{
   "ROLES": [
      "FSEEDITROLE",
      "FSEVIEWROLE",
      "FSEADMINROLE",
      "RELEASEMANAGER",
      "CPPADMINROLE",
      "FSEREMOTE"
   ],
   "PERMISSIONS": {
      "CUSTOMER": [
         "CUSTOMER_READ",
         "CUSTOMER_EDIT",
         "CUSTOMER_ADD",
         "CUSTOMER_DELETE",
         "EMAIL_TEMPLATE_EDIT"
      ],
      "CUSTOMER_USER": [
         "READ",
         "EDIT",
         "CREATE",
         "DELETE"
      ],
      "CUSTOMER_CC": [
         "READ",
         "EDIT",
         "CREATE",
         "DELETE"
      ],
      "CUSTOMER_SCANNER": [
         "READ",
         "EDIT",
         "CREATE",
         "DELETE"
      ],
      "CUSTOMER_SITE": [
         "READ",
         "EDIT",
         "CREATE",
         "DELETE"
      ],
      "FSE_USER": [
         "FSE_USER_READ",
         "FSE_USER_EDIT",
         "FSE_USER_ADD",
         "FSE_USER_DELETE"
      ],
      "CONFIGURATIONS": [
         "GLOBAL_CONFIGS_READ",
         "GLOBAL_CONFIGS_EDIT",
         "GLOBAL_CONFIGS_ADD",
         "GLOBAL_CONFIGS_DELETE"
      ],
      "FEATUREFLAG": [
         "FF_CREATE",
         "FF_READ",
         "FF_EDIT",
         "FF_DELETE"
      ]
   },
   "MAPPINGS": {
      "FSEVIEWROLE": {
         "CUSTOMER": "CUSTOMER_READ",
         "CUSTOMER_USER": "READ",
         "CUSTOMER_CC": "READ",
         "CUSTOMER_SCANNER": "READ",
         "CUSTOMER_SITE": "READ",
         "FEATUREFLAG": "FF_READ"
      },
      "FSEEDITROLE": {
         "CUSTOMER": "CUSTOMER_READ,CUSTOMER_EDIT",
         "CUSTOMER_USER": "READ,EDIT",
         "CUSTOMER_CC": "READ,EDIT",
         "CUSTOMER_SCANNER": "READ,EDIT",
         "CUSTOMER_SITE": "READ,EDIT",
         "FEATUREFLAG": "FF_READ"
      },
      "FSEADMINROLE": {
         "CUSTOMER": "CUSTOMER_READ,CUSTOMER_EDIT,CUSTOMER_ADD,CUSTOMER_DELETE,EMAIL_TEMPLATE_EDIT",
         "CUSTOMER_USER": "READ,EDIT,CREATE,DELETE",
         "CUSTOMER_CC": "READ,EDIT,CREATE,DELETE",
         "CUSTOMER_SCANNER": "READ,EDIT,CREATE,DELETE",
         "CUSTOMER_SITE": "READ,EDIT,CREATE,DELETE",
         "CONFIGURATIONS": "GLOBAL_CONFIGS_READ,GLOBAL_CONFIGS_EDIT,GLOBAL_CONFIGS_ADD,GLOBAL_CONFIGS_DELETE",
         "FEATUREFLAG": "FF_READ"
      },
      "CPPADMINROLE": {
         "CUSTOMER": "CUSTOMER_READ,CUSTOMER_EDIT,CUSTOMER_ADD,CUSTOMER_DELETE,EMAIL_TEMPLATE_EDIT",
         "CUSTOMER_CC": "READ,EDIT,CREATE,DELETE",
         "CUSTOMER_SCANNER": "READ,EDIT,CREATE,DELETE",
         "CUSTOMER_SITE": "READ,EDIT,CREATE,DELETE",
         "FSE_USER": "FSE_USER_READ,FSE_USER_EDIT,FSE_USER_ADD,FSE_USER_DELETE",
         "CONFIGURATIONS": "GLOBAL_CONFIGS_READ,GLOBAL_CONFIGS_EDIT,GLOBAL_CONFIGS_ADD,GLOBAL_CONFIGS_DELETE",
         "FEATUREFLAG": "FF_READ"
      },
      "RELEASEMANAGER": {
         "CUSTOMER": "CUSTOMER_READ",
         "CUSTOMER_CC": "READ",
         "CUSTOMER_SCANNER": "READ",
         "CUSTOMER_SITE": "READ",
         "CONFIGURATIONS": "GLOBAL_CONFIGS_READ",
         "FEATUREFLAG": "FF_CREATE,FF_READ,FF_EDIT,FF_DELETE"
      },
      "FSEREMOTE": {
         "CUSTOMER": "CUSTOMER_READ,CUSTOMER_EDIT,CUSTOMER_ADD,CUSTOMER_DELETE,EMAIL_TEMPLATE_EDIT",
         "CUSTOMER_CC": "READ,EDIT,CREATE,DELETE",
         "CUSTOMER_SCANNER": "READ,EDIT,CREATE,DELETE",
         "CUSTOMER_SITE": "READ,EDIT,CREATE,DELETE",
         "CONFIGURATIONS": "GLOBAL_CONFIGS_READ,GLOBAL_CONFIGS_EDIT,GLOBAL_CONFIGS_ADD,GLOBAL_CONFIGS_DELETE",
         "FEATUREFLAG": "FF_READ"
      }
   }
}