{
    "CONSOLE": [
        "VIEW",
        "VIEW_INCOGNITO",
        "EDIT",
        "EDIT_WITHOUT_AUTHORIZATION",
        "DEMO_VIDEO_ENABLED"
    ],
    "CALL": [
        "WEB_TO_WEB",
        "WEB_TO_PHONE",
        "ADD_PARTICIPANT",
        "HYBRID_ROCC_CALL",
        "VIDEO_CALL",
        "DESKTOP_FULL_SCREEN",
        "CONTACT_SPEED_DIAL"
    ],
    "ADMIN": [
        "USER_ADD",
        "USER_EDIT",
        "USER_READ",
        "USER_DELETE",
        "LOCATION_ADD",
        "LOCATION_EDIT",
        "LOCATION_DELETE",
        "LOCATION_READ",
        "ROOM_ADD",
        "ROOM_EDIT",
        "ROOM_DELETE",
        "ROOM_READ"
    ],
    "RESOURCE": [
        "STARRED_ROOMS"
    ],
    "CONSULT": [
        "CREATE",
        "READ",
        "UPDATE",
        "CLOSE"
    ],
    "CHAT": [
        "CREATE",
        "READ",
        "UPDATE",
        "CLOSE"
    ],
    "PHARMA_REQUEST": [
        "CREATE",
        "READ",
        "UPDATE",
        "DELETE"
    ],
    "PHARMA_CONTENT": [
        "EXPORT",
        "READ",
        "WRITE",
        "DELETE"
    ],
    "PHARMA_CUSTOMER": [
        "CREATE",
        "READ",
        "UPDATE",
        "DELETE"
    ]
}