{
    "ADMINROLE": {
        "ADMIN": "USER_ADD,USER_EDIT,USER_READ,USER_DELETE,LOCATION_EDIT,LOCATION_READ,ROOM_EDIT,ROOM_READ"
    },
    "EXPERTUSERROLE": {
        "CONSOLE": "VIEW,EDIT,DEMO_VIDEO_ENABLED",
        "CALL": "WEB_TO_WEB,WEB_TO_PHONE,ADD_PARTICIPANT,HYBRID_ROCC_CALL,VIDEO_CALL,DESKTOP_FULL_SCREEN,CONTACT_SPEED_DIAL",
        "CHAT": "CREATE,READ,UPDATE,CLOSE",
        "RESOURCE": "STARRED_ROOMS",
        "PHARMA_CONTENT": "EXPORT,READ,WRITE"
    },
    "EXPERTUSERINCOGNITOROLE": {
        "CONSOLE": "VIEW,EDIT,VIEW_INCOGNITO,DEMO_VIDEO_ENABLED",
        "CALL": "WEB_TO_WEB,WEB_TO_PHONE,ADD_PARTICIPANT,HYBRID_ROCC_CALL,VIDEO_CALL,DESKTOP_FULL_SCREEN,CONTACT_SPEED_DIAL",
        "CHAT": "CREATE,READ,UPDATE,CLOSE",
        "RESOURCE": "STARRED_ROOMS",
        "PHARMA_CONTENT": "EXPORT,READ,WRITE"
    },
    "PROTOCOLMANAGERROLE": {
        "CONSOLE": "VIEW,EDIT,EDIT_WITHOUT_AUTHORIZATION,DEMO_VIDEO_ENABLED",
        "CALL": "WEB_TO_WEB,WEB_TO_PHONE,ADD_PARTICIPANT,HYBRID_ROCC_CALL,VIDEO_CALL,DESKTOP_FULL_SCREEN,CONTACT_SPEED_DIAL",
        "CHAT": "CREATE,READ,UPDATE,CLOSE",
        "RESOURCE": "STARRED_ROOMS",
        "PHARMA_CONTENT": "EXPORT,READ,WRITE"
    },
    "TECHNOLOGISTROLE": {
        "CALL": "WEB_TO_WEB,WEB_TO_PHONE,ADD_PARTICIPANT,HYBRID_ROCC_CALL,VIDEO_CALL",
        "CONSULT": "CREATE,READ,UPDATE,CLOSE",
        "CHAT": "CREATE,READ,UPDATE,CLOSE",
        "PHARMA_CONTENT": "EXPORT,READ,WRITE"
    },
    "DEVICEROLE": {
        "CALL": "WEB_TO_WEB,WEB_TO_PHONE,ADD_PARTICIPANT,HYBRID_ROCC_CALL,VIDEO_CALL",
        "CONSULT": "CREATE,READ,UPDATE,CLOSE",
        "CHAT": "CREATE,READ,UPDATE,CLOSE",
        "PHARMA_CONTENT": "EXPORT,READ,WRITE"
    },
    "RADIOLOGISTROLE": {
        "CALL": "WEB_TO_WEB,WEB_TO_PHONE,ADD_PARTICIPANT,HYBRID_ROCC_CALL,VIDEO_CALL,DESKTOP_FULL_SCREEN,CONTACT_SPEED_DIAL",
        "CONSOLE": "VIEW,EDIT,VIEW_INCOGNITO",
        "CONSULT": "READ,UPDATE,CLOSE",
        "CHAT": "CREATE,READ,UPDATE,CLOSE"
    },
    "PHARMAADMINROLE": {
        "PHARMA_REQUEST": "CREATE,READ,UPDATE,DELETE",
        "PHARMA_CUSTOMER": "READ"
    },
    "PHARMASPECIALISTROLE": {
        "PHARMA_REQUEST": "READ",
        "PHARMA_CONTENT": "EXPORT,READ,WRITE",
        "CALL": "WEB_TO_WEB,DESKTOP_FULL_SCREEN"
    },
    "PHARMACUSTOMERADMINROLE": {
        "PHARMA_REQUEST": "CREATE,READ,UPDATE,DELETE"
    }
}