{
  "type": "bulk",
  "args": [
    {
      "type": "add_existing_table_or_view",
      "args": {
        "name": "customers",
        "schema": "rocc_overwatch"
      }
    },
    {
      "type": "add_existing_table_or_view",
      "args": {
        "name": "raw_upload_data",
        "schema": "rocc_overwatch"
      }
    },
    {
      "type": "add_existing_table_or_view",
      "args": {
        "name": "infrastructure_configurations",
        "schema": "rocc_overwatch"
      }
    },
    {
      "type": "add_existing_table_or_view",
      "args": {
        "name": "service_jobs",
        "schema": "rocc_overwatch"
      }
    },
    {
      "type": "add_existing_table_or_view",
      "args": {
        "name": "service_tasks",
        "schema": "rocc_overwatch"
      }
    },
    {
      "type": "add_existing_table_or_view",
      "args": {
        "name": "service_job_transactions",
        "schema": "rocc_overwatch"
      }
    }
  ]
}