{
	"type": "bulk",
	"args": [
		{
			"type": "create_array_relationship",
			"args": {
				"name": "rawUploadDataByCustomerId",
				"table": {
					"name": "customers",
					"schema": "rocc_overwatch"
				},
				"using": {
					"foreign_key_constraint_on": {
						"table": {
							"name": "raw_upload_data",
							"schema": "rocc_overwatch"
						},
						"column": "customer_id"
					}
				}
			}
		},
		{
			"type": "create_object_relationship",
			"args": {
				"name": "customerByCustomerId",
				"table": {
					"name": "raw_upload_data",
					"schema": "rocc_overwatch"
				},
				"using": {
					"foreign_key_constraint_on": "customer_id"
				}
			}
		},
		{
			"type": "create_array_relationship",
			"args": {
				"name": "infrastructureConfigurationsByCustomerId",
				"table": {
					"name": "customers",
					"schema": "rocc_overwatch"
				},
				"using": {
					"foreign_key_constraint_on": {
						"table": {
							"name": "infrastructure_configurations",
							"schema": "rocc_overwatch"
						},
						"column": "customer_id"
					}
				}
			}
		},
		{
			"type": "create_object_relationship",
			"args": {
				"name": "customerByCustomerId",
				"table": {
					"name": "infrastructure_configurations",
					"schema": "rocc_overwatch"
				},
				"using": {
					"foreign_key_constraint_on": "customer_id"
				}
			}
		},
		{
			"type": "create_array_relationship",
			"args": {
				"name": "serviceTasksByServiceJobId",
				"table": {
					"name": "service_jobs",
					"schema": "rocc_overwatch"
				},
				"using": {
					"foreign_key_constraint_on": {
						"table": {
							"name": "service_tasks",
							"schema": "rocc_overwatch"
						},
						"column": "job_id"
					}
				}
			}
		},
		{
			"type": "create_object_relationship",
			"args": {
				"name": "serviceJobByServiceJobId",
				"table": {
					"name": "service_tasks",
					"schema": "rocc_overwatch"
				},
				"using": {
					"foreign_key_constraint_on": "job_id"
				}
			}
		},
		{
			"type": "create_array_relationship",
			"args": {
				"name": "serviceJobTransactionsByServiceJobId",
				"table": {
					"name": "service_jobs",
					"schema": "rocc_overwatch"
				},
				"using": {
					"foreign_key_constraint_on": {
						"table": {
							"name": "service_job_transactions",
							"schema": "rocc_overwatch"
						},
						"column": "current_job_id"
					}
				}
			}
		},
		{
			"type": "create_object_relationship",
			"args": {
				"name": "serviceJobByServiceJobId",
				"table": {
					"name": "service_job_transactions",
					"schema": "rocc_overwatch"
				},
				"using": {
					"foreign_key_constraint_on": "current_job_id"
				}
			}
		},
		{
			"type": "create_array_relationship",
			"args": {
				"name": "serviceJobTransactionsByServiceTaskId",
				"table": {
					"name": "service_tasks",
					"schema": "rocc_overwatch"
				},
				"using": {
					"foreign_key_constraint_on": {
						"table": {
							"name": "service_job_transactions",
							"schema": "rocc_overwatch"
						},
						"column": "current_task_id"
					}
				}
			}
		},
		{
			"type": "create_object_relationship",
			"args": {
				"name": "serviceTaskByServiceTaskId",
				"table": {
					"name": "service_job_transactions",
					"schema": "rocc_overwatch"
				},
				"using": {
					"foreign_key_constraint_on": "current_task_id"
				}
			}
		},
		{
			"type": "create_array_relationship",
			"args": {
				"name": "serviceJobTransactionsByRawUploadId",
				"table": {
					"name": "raw_upload_data",
					"schema": "rocc_overwatch"
				},
				"using": {
					"foreign_key_constraint_on": {
						"table": {
							"name": "service_job_transactions",
							"schema": "rocc_overwatch"
						},
						"column": "upload_record_id"
					}
				}
			}
		},
		{
			"type": "create_object_relationship",
			"args": {
				"name": "rawUploadByRawUploadId",
				"table": {
					"name": "service_job_transactions",
					"schema": "rocc_overwatch"
				},
				"using": {
					"foreign_key_constraint_on": "upload_record_id"
				}
			}
		}
	]
}