{
    "sql": [
        {
            "src": "rocc-service-app/db_scripts/sql/create",
            "dest": "flyway/create"
        },
        {
            "src": "rocc-service-app/db_scripts/sql/update",
            "dest": "flyway/update"
        }
    ],
    "graphql": [
        {
            "src": "rocc-service-app/db_scripts/graphql/create",
            "dest": "graphql_scripts/create"
        },
        {
            "src": "rocc-service-app/db_scripts/graphql/update",
            "dest": "graphql_scripts/update"
        }
    ]
  }