{
    "primaryMenuItems": [
        {
            "type": "menu",
            "label": "",
            "items": [
                {
                    "text": "Home",
                    "to": ""
                },
                {
                    "text": "Admin",
                    "to": ""
                }
            ]
        }
    ],
    "secondaryMenuItems": [
        {
            "type": "dropdown",
            "label": "Welcome",
            "items": [
                {
                    "text": "Logout",
                    "to": "/logout"
                }
            ]
        }
    ]
}