{
    "REGION_CONFIGS": [
        {
            "countryIsoCode": "US",
            "region": "ALL",
            "signalingRegion": "GLL",
            "mediaRegion": "GLL",
            "edgeLocation": "ROAMING",
            "address": {
                "customerName": "Philips Healthcare",
                "street": "6903 Rockledge Dr, Bethesda",
                "city": "MD",
                "locality": "",
                "postalCode": "20817"
            }
        },
        {
            "countryIsoCode": "GB",
            "region": "ALL",
            "signalingRegion": "IE1",
            "mediaRegion": "IE1",
            "edgeLocation": "DUBLIN",
            "address": {
                "customerName": "Philips Healthcare",
                "street": "1 Aerospace Blvd",
                "city": "Farnborough",
                "locality": "",
                "postalCode": "GU14 6X"
            }
        },
        {
            "countryIsoCode": "IE",
            "region": "ALL",
            "signalingRegion": "IE1",
            "mediaRegion": "IE1",
            "edgeLocation": "DUBLIN",
            "phoneNumberPrefix": "+353122",
            "address": {
                "customerName": "Philips Healthcare",
                "street": "South County Business Park",
                "city": "Leopardstown",
                "locality": "Dublin",
                "postalCode": "D18 PX68"
            }
        }
    ]
}